Documento,URL
1,https://es.wikipedia.org/wiki/Mazda
2,https://es.wikipedia.org/wiki/Nissan
3,https://es.wikipedia.org/wiki/Toyota
4,https://es.wikipedia.org/wiki/Mitsubishi
5,https://es.wikipedia.org/wiki/Suzuki
6,https://es.wikipedia.org/wiki/Bentley
7,https://es.wikipedia.org/wiki/Ferrari
8,https://es.wikipedia.org/wiki/Lamborghini
9,https://es.wikipedia.org/wiki/Lotus
10,https://es.wikipedia.org/wiki/Bugatti
11,https://es.wikipedia.org/wiki/Audi
12,https://es.wikipedia.org/wiki/Bmw
13,https://es.wikipedia.org/wiki/Mercedes
14,https://es.wikipedia.org/wiki/Honda
15,https://es.wikipedia.org/wiki/Ford
16,https://es.wikipedia.org/wiki/Chevrolet
17,https://es.wikipedia.org/wiki/Volkswagen
18,https://es.wikipedia.org/wiki/Porsche
19,https://es.wikipedia.org/wiki/Subaru
20,https://es.wikipedia.org/wiki/Jaguar
21,https://es.wikipedia.org/wiki/Kia
22,https://es.wikipedia.org/wiki/Hyundai
23,https://es.wikipedia.org/wiki/Volvo
24,https://es.wikipedia.org/wiki/Tesla
25,https://es.wikipedia.org/wiki/Lexus
26,https://es.wikipedia.org/wiki/Cadillac
27,https://es.wikipedia.org/wiki/Maserati
28,https://es.wikipedia.org/wiki/Jeep
29,https://es.wikipedia.org/wiki/Chrysler
30,https://es.wikipedia.org/wiki/Dodge
